Name,Year,Rating,duration_min,genres,director,lead_actor,vote_average
Midnight in Paris,2011,5.0,94.0,"Fantasy, Comedy, Romance",Woody Allen,Owen Wilson,7.523
The Pursuit of Happyness,2006,5.0,117.0,Drama,Gabriele Muccino,Will Smith,7.891
Mr. & Mrs. Smith,2005,4.0,119.0,"Action, Comedy, Drama, Thriller",Doug Liman,Brad Pitt,6.689
Inglourious Basterds,2009,5.0,153.0,"Drama, Thriller, War",Quentin Tarantino,Brad Pitt,8.215
The Perks of Being a Wallflower,2012,5.0,103.0,Drama,Stephen Chbosky,Logan Lerman,7.795
Fahrenheit 451,2018,1.0,100.0,"Drama, Science Fiction, Thriller",Ramin Bahrani,Michael B. Jordan,5.43
Before Sunrise,1995,3.5,101.0,"Drama, Romance",Richard Linklater,Ethan Hawke,7.966
The Name of the Rose,1986,5.0,130.0,"Drama, Thriller, Mystery",Jean-Jacques Annaud,Sean Connery,7.493
The Untouchables,1987,5.0,119.0,"Crime, History, Thriller",Brian De Palma,Kevin Costner,7.757
Elvis,2022,3.0,159.0,"Drama, Music, History",Baz Luhrmann,Austin Butler,7.49
Jurassic World Dominion,2022,3.5,147.0,"Adventure, Action, Science Fiction",Colin Trevorrow,Chris Pratt,6.66
Top Gun: Maverick,2022,4.0,131.0,"Action, Drama",Joseph Kosinski,Tom Cruise,8.175
House of Gucci,2021,4.0,158.0,"Drama, Crime, History",Ridley Scott,Lady Gaga,6.588
The Suicide Squad,2021,2.5,132.0,"Action, Comedy, Adventure",James Gunn,Margot Robbie,7.5
Judas and the Black Messiah,2021,3.5,126.0,"Drama, History",Shaka King,Daniel Kaluuya,7.318
The Invisible Man,2020,3.5,124.0,"Thriller, Science Fiction, Horror",Leigh Whannell,Elisabeth Moss,7.111
1917,2019,3.0,119.0,"War, History, Thriller, Drama",Sam Mendes,George MacKay,7.989
Miracle in Cell No. 7,2019,4.0,132.0,Drama,Mehmet Ada Öztekin,Aras Bulut İynemli,8.257
The Platform,2019,4.0,95.0,"Drama, Science Fiction, Thriller",Galder Gaztelu-Urrutia,Ivan Massagué,6.968
Toy Story 4,2019,3.0,100.0,"Family, Adventure, Animation, Comedy, Fantasy",Josh Cooley,Tom Hanks,7.477
Parasite,2019,3.0,133.0,"Comedy, Thriller, Drama",Bong Joon Ho,Song Kang-ho,8.499
The Lighthouse,2019,4.0,109.0,"Drama, Fantasy, Thriller",Robert Eggers,Robert Pattinson,7.499
Yesterday,2019,3.0,116.0,"Comedy, Fantasy, Music, Romance",Danny Boyle,Himesh Patel,6.693
Us,2019,3.0,116.0,"Horror, Mystery, Thriller",Jordan Peele,Lupita Nyong'o,6.96
Happy Death Day 2U,2019,2.5,100.0,"Comedy, Horror, Science Fiction",Christopher Landon,Jessica Rothe,6.3
Bohemian Rhapsody,2018,4.5,135.0,"Music, Drama",Bryan Singer,Rami Malek,7.973
Green Book,2018,4.5,130.0,"Drama, History",Peter Farrelly,Viggo Mortensen,8.23
22 July,2018,3.0,143.0,"Crime, Drama, History, Thriller",Paul Greengrass,Jonas Strand Gravli,7.1
A Star Is Born,2018,4.0,136.0,"Music, Drama, Romance",Bradley Cooper,Lady Gaga,7.499
Incredibles 2,2018,3.0,118.0,"Action, Adventure, Animation, Family",Brad Bird,Craig T. Nelson,7.5
BlacKkKlansman,2018,4.0,136.0,"Crime, Comedy, Drama, History",Spike Lee,John David Washington,7.494
Deadpool 2,2018,3.5,120.0,"Action, Comedy, Adventure",David Leitch,Ryan Reynolds,7.491
Jumanji: Welcome to the Jungle,2017,3.5,119.0,"Adventure, Comedy, Fantasy, Action, Family",Jake Kasdan,Dwayne Johnson,6.821
Happy Death Day,2017,3.5,97.0,"Comedy, Horror, Mystery",Christopher Landon,Jessica Rothe,6.7
Wonder Woman,2017,3.0,141.0,"Action, Adventure, Fantasy",Patty Jenkins,Gal Gadot,7.217
Baywatch,2017,3.0,116.0,"Comedy, Action, Crime",Seth Gordon,Dwayne Johnson,6.093
The Fate of the Furious,2017,3.0,136.0,"Action, Crime, Thriller",F. Gary Gray,Vin Diesel,6.862
Get Out,2017,4.5,104.0,"Mystery, Thriller, Horror",Jordan Peele,Daniel Kaluuya,7.619
Snowden,2016,4.0,134.0,"Drama, History, Crime, Thriller",Oliver Stone,Joseph Gordon-Levitt,7.105
The Founder,2016,3.5,115.0,"Drama, History",John Lee Hancock,Michael Keaton,7.132
Hacksaw Ridge,2016,4.0,139.0,"Drama, History, War",Mel Gibson,Andrew Garfield,8.192
Suicide Squad,2016,3.0,122.0,"Action, Adventure, Fantasy",David Ayer,Will Smith,5.919
Finding Dory,2016,3.0,97.0,"Adventure, Animation, Comedy, Family",Andrew Stanton,Albert Brooks,7.0
Now You See Me 2,2016,3.5,129.0,"Thriller, Crime",Jon M. Chu,Jesse Eisenberg,6.824
Me Before You,2016,4.0,110.0,"Drama, Romance",Thea Sharrock,Emilia Clarke,7.931
Hush,2016,3.5,82.0,"Horror, Thriller",Mike Flanagan,John Gallagher Jr.,6.73
Deadpool,2016,3.5,108.0,"Action, Adventure, Comedy",Tim Miller,Ryan Reynolds,7.623
Kung Fu Panda 3,2016,4.0,95.0,"Action, Adventure, Animation, Comedy, Family",Jennifer Yuh Nelson,Jack Black,6.915
The Revenant,2015,4.0,157.0,"Western, Drama, Adventure",Alejandro González Iñárritu,Leonardo DiCaprio,7.534
The Hateful Eight,2015,5.0,188.0,"Drama, Mystery, Western",Quentin Tarantino,Samuel L. Jackson,7.755
The Hunger Games: Mockingjay – Part 2,2015,3.5,137.0,"Action, Adventure, Science Fiction",Francis Lawrence,Jennifer Lawrence,6.898
Spectre,2015,3.5,148.0,"Action, Adventure, Thriller",Sam Mendes,Daniel Craig,6.558
The Martian,2015,3.5,141.0,"Drama, Adventure, Science Fiction",Ridley Scott,Matt Damon,7.689
Ant-Man,2015,3.0,117.0,"Science Fiction, Action, Adventure",Peyton Reed,Paul Rudd,7.07
Inside Out,2015,3.5,95.0,"Animation, Family, Adventure, Drama, Comedy",Pete Docter,Amy Poehler,7.9
Jurassic World,2015,3.5,124.0,"Action, Adventure, Science Fiction, Thriller",Colin Trevorrow,Chris Pratt,6.7
Mad Max: Fury Road,2015,3.0,121.0,"Action, Adventure, Science Fiction",George Miller,Tom Hardy,7.623
Avengers: Age of Ultron,2015,3.0,141.0,"Action, Adventure, Science Fiction",Joss Whedon,Robert Downey Jr.,7.27
Furious 7,2015,3.5,137.0,"Action, Adventure, Crime, Drama, Thriller",James Wan,Vin Diesel,7.224
Insurgent,2015,4.0,119.0,"Action, Science Fiction, Thriller",Robert Schwentke,Shailene Woodley,6.364
The Grand Budapest Hotel,2014,4.5,100.0,"Comedy, Drama",Wes Anderson,Ralph Fiennes,8.037
The Stanford Prison Experiment,2015,4.0,122.0,"Thriller, Drama, History",Kyle Patrick Alvarez,Billy Crudup,6.848
The Interview,2014,3.5,113.0,"Action, Comedy",Evan Goldberg,James Franco,6.183
Kingsman: The Secret Service,2014,4.0,129.0,"Crime, Comedy, Action, Adventure",Matthew Vaughn,Taron Egerton,7.626
The Hunger Games: Mockingjay – Part 1,2014,3.5,123.0,"Science Fiction, Adventure, Thriller",Francis Lawrence,Jennifer Lawrence,6.816
John Wick,2014,3.5,101.0,"Action, Thriller",Chad Stahelski,Keanu Reeves,7.447
The Equalizer,2014,4.0,132.0,"Thriller, Action, Crime",Antoine Fuqua,Denzel Washington,7.28
The Maze Runner,2014,3.5,113.0,"Action, Mystery, Science Fiction, Thriller",Wes Ball,Dylan O'Brien,7.2
The Imitation Game,2014,4.0,113.0,"History, Drama, Thriller, War",Morten Tyldum,Benedict Cumberbatch,7.994
The Fault in Our Stars,2014,3.5,126.0,"Romance, Drama",Josh Boone,Shailene Woodley,7.6
Rio 2,2014,3.5,101.0,"Animation, Adventure, Comedy, Family",Carlos Saldanha,Jesse Eisenberg,6.509
Divergent,2014,4.0,139.0,"Action, Adventure, Science Fiction",Neil Burger,Shailene Woodley,6.915
Captain America: The Winter Soldier,2014,3.5,136.0,"Action, Adventure, Science Fiction",Joe Russo,Chris Evans,7.656
Whiplash,2014,4.0,107.0,"Drama, Music",Damien Chazelle,Miles Teller,8.377
The Wolf of Wall Street,2013,4.0,180.0,"Crime, Drama, Comedy",Martin Scorsese,Leonardo DiCaprio,8.029
The Hunger Games: Catching Fire,2013,3.5,146.0,"Adventure, Action, Science Fiction",Francis Lawrence,Jennifer Lawrence,7.426
Captain Phillips,2013,4.0,134.0,"Action, Drama, Thriller",Paul Greengrass,Tom Hanks,7.539
Prisoners,2013,4.0,153.0,"Drama, Thriller, Crime",Denis Villeneuve,Hugh Jackman,8.098
Grown Ups 2,2013,3.5,101.0,Comedy,Dennis Dugan,Adam Sandler,6.141
Monsters University,2013,3.5,104.0,"Animation, Family",Dan Scanlon,Billy Crystal,7.04
Now You See Me,2013,3.0,116.0,"Thriller, Crime",Louis Leterrier,Mark Ruffalo,7.333
The Hangover Part III,2013,4.0,100.0,Comedy,Todd Phillips,Bradley Cooper,6.208
Fast & Furious 6,2013,3.5,131.0,"Action, Thriller, Crime",Justin Lin,Vin Diesel,6.817
Hansel & Gretel: Witch Hunters,2013,2.5,88.0,"Fantasy, Horror, Action",Tommy Wirkola,Jeremy Renner,6.088
Django Unchained,2012,4.5,165.0,"Drama, Western",Quentin Tarantino,Jamie Foxx,8.183
Skyfall,2012,4.0,143.0,"Action, Adventure, Thriller",Sam Mendes,Daniel Craig,7.249
Argo,2012,4.5,120.0,"Drama, Thriller",Ben Affleck,Ben Affleck,7.281
Diary of a Wimpy Kid: Dog Days,2012,4.0,94.0,"Comedy, Family",David Bowers,Zachary Gordon,6.323
The Dark Knight Rises,2012,3.5,165.0,"Action, Crime, Drama, Thriller",Christopher Nolan,Christian Bale,7.785
The Hunger Games,2012,4.0,142.0,"Science Fiction, Adventure, Action",Gary Ross,Jennifer Lawrence,7.216
Mission: Impossible – Ghost Protocol,2011,4.0,133.0,"Action, Thriller, Adventure",Brad Bird,Tom Cruise,7.1
The Intouchables,2011,4.0,113.0,"Drama, Comedy",Olivier Nakache,François Cluzet,8.272
Moneyball,2011,3.5,134.0,Drama,Bennett Miller,Brad Pitt,7.3
Phineas and Ferb The Movie: Across the 2nd Dimension,2011,3.5,77.0,"Animation, Comedy, Family, TV Movie, Science Fiction, Adventure, Action, Music",Robert Hughes,Vincent Martella,7.076
Harry Potter and the Deathly Hallows: Part 2,2011,4.5,130.0,"Fantasy, Adventure",David Yates,Daniel Radcliffe,8.1
Mr. Popper's Penguins,2011,3.5,94.0,"Comedy, Family",Mark Waters,Jim Carrey,6.0
Kung Fu Panda 2,2011,3.5,91.0,"Animation, Family, Comedy",Jennifer Yuh Nelson,Jack Black,7.0
The Hangover Part II,2011,4.0,102.0,Comedy,Todd Phillips,Bradley Cooper,6.487
Pirates of the Caribbean: On Stranger Tides,2011,3.5,136.0,"Adventure, Action, Fantasy",Rob Marshall,Johnny Depp,6.559
Fast Five,2011,3.5,130.0,"Action, Thriller, Crime",Justin Lin,Vin Diesel,7.239
Rio,2011,3.5,96.0,"Animation, Adventure, Comedy, Family",Carlos Saldanha,Jesse Eisenberg,6.746
Shutter Island,2010,4.5,138.0,"Drama, Thriller, Mystery",Martin Scorsese,Leonardo DiCaprio,8.201
Little Fockers,2010,4.0,98.0,"Comedy, Romance",Paul Weitz,Robert De Niro,5.657
Yogi Bear,2010,3.5,80.0,"Comedy, Family, Animation, Adventure",Eric Brevig,Dan Aykroyd,5.558
Tangled,2010,3.5,100.0,"Animation, Family, Adventure",Nathan Greno,Mandy Moore,7.608
Harry Potter and the Deathly Hallows: Part 1,2010,4.5,146.0,"Adventure, Fantasy",David Yates,Daniel Radcliffe,7.741
RED,2010,4.0,111.0,"Action, Adventure, Comedy, Crime, Thriller",Robert Schwentke,Bruce Willis,6.699
Elite Squad: The Enemy Within,2010,4.0,115.0,"Drama, Action, Crime",José Padilha,Wagner Moura,7.827
The Social Network,2010,4.0,121.0,Drama,David Fincher,Jesse Eisenberg,7.369
Despicable Me,2010,3.5,95.0,"Animation, Family, Comedy",Chris Renaud,Steve Carell,7.248
Grown Ups,2010,3.5,102.0,Comedy,Dennis Dugan,Adam Sandler,6.395
The Karate Kid,2010,4.0,140.0,"Action, Adventure, Drama, Family",Harald Zwart,Jaden Smith,6.558
Leap Year,2010,4.0,94.0,"Drama, Romance",Michael Rowe,Mónica del Carmen,6.399
Fantastic Mr. Fox,2009,4.0,87.0,"Adventure, Animation, Comedy, Family",Wes Anderson,George Clooney,7.808
Zombieland,2009,3.5,88.0,"Comedy, Horror",Ruben Fleischer,Jesse Eisenberg,7.3
Cloudy with a Chance of Meatballs,2009,3.5,90.0,"Animation, Comedy, Family",Phil Lord,Bill Hader,6.638
Harry Potter and the Half-Blood Prince,2009,4.5,153.0,"Adventure, Fantasy",David Yates,Daniel Radcliffe,7.683
Ice Age: Dawn of the Dinosaurs,2009,3.5,94.0,"Animation, Comedy, Family, Adventure",Carlos Saldanha,Ray Romano,6.758
The Hangover,2009,4.0,100.0,Comedy,Todd Phillips,Bradley Cooper,7.324
Night at the Museum: Battle of the Smithsonian,2009,4.0,105.0,"Adventure, Fantasy, Action, Comedy, Family",Shawn Levy,Ben Stiller,6.141
Up,2009,4.0,96.0,"Animation, Comedy, Family, Adventure",Pete Docter,Ed Asner,7.957
Fast & Furious,2009,3.5,107.0,"Action, Crime, Drama, Thriller",Justin Lin,Vin Diesel,6.682
Coraline,2009,4.0,100.0,"Animation, Family, Fantasy",Henry Selick,Dakota Fanning,7.893
Paul Blart: Mall Cop,2009,4.0,91.0,"Action, Adventure, Comedy, Family",Steve Carr,Kevin James,5.425
Marley & Me,2008,3.5,115.0,"Comedy, Family",David Frankel,Owen Wilson,7.194
Madagascar: Escape 2 Africa,2008,4.0,89.0,"Family, Adventure, Animation, Comedy",Eric Darnell,Ben Stiller,6.511
Journey to the Center of the Earth,2008,3.5,93.0,"Action, Science Fiction, Adventure, Comedy, Family",Eric Brevig,Brendan Fraser,6.076
The Boy in the Striped Pyjamas,2008,4.0,94.0,"Drama, War, History",Mark Herman,Asa Butterfield,7.827
Elite Squad,2007,4.0,115.0,"Drama, Action, Crime",José Padilha,Wagner Moura,8.055
Superbad,2007,3.0,113.0,Comedy,Greg Mottola,Jonah Hill,7.256
Harry Potter and the Order of the Phoenix,2007,4.5,138.0,"Adventure, Fantasy",David Yates,Daniel Radcliffe,7.674
Surf's Up,2007,4.0,85.0,"Animation, Comedy, Family",Ash Brannon,Shia LaBeouf,6.463
Ocean's Thirteen,2007,4.0,122.0,"Crime, Thriller",Steven Soderbergh,George Clooney,6.721
No Country for Old Men,2007,4.5,122.0,"Crime, Drama, Thriller",Ethan Coen,Javier Bardem,7.947
Shrek the Third,2007,4.0,93.0,"Fantasy, Adventure, Animation, Comedy, Family",Chris Miller,Mike Myers,6.298
Fracture,2007,4.0,113.0,Thriller,Gregory Hoblit,Anthony Hopkins,7.267
Mr. Bean's Holiday,2007,3.0,90.0,"Family, Comedy",Steve Bendelack,Rowan Atkinson,6.356
Happy Feet,2006,3.0,108.0,"Animation, Comedy, Family",George Miller,Elijah Wood,6.202
Monster House,2006,3.5,91.0,"Animation, Comedy, Family, Fantasy",Gil Kenan,Mitchel Musso,6.692
Pirates of the Caribbean: Dead Man's Chest,2006,3.0,151.0,"Adventure, Fantasy, Action",Gore Verbinski,Johnny Depp,7.366
The Da Vinci Code,2006,4.0,149.0,"Thriller, Mystery",Ron Howard,Tom Hanks,6.727
Ice Age: The Meltdown,2006,3.5,91.0,"Animation, Family, Comedy, Adventure",Carlos Saldanha,Ray Romano,6.711
Casablanca,1942,4.0,103.0,"Drama, Romance",Michael Curtiz,Humphrey Bogart,8.157
12 Angry Men,1957,4.5,97.0,Drama,Sidney Lumet,Martin Balsam,8.547
Psycho,1960,4.5,109.0,"Horror, Thriller, Mystery",Alfred Hitchcock,Anthony Perkins,8.422
Jaws,1975,3.5,124.0,"Horror, Thriller, Adventure",Steven Spielberg,Roy Scheider,7.669
Dog Day Afternoon,1975,3.5,125.0,"Crime, Drama, Thriller",Sidney Lumet,Al Pacino,7.843
Taxi Driver,1976,4.0,114.0,"Crime, Drama",Martin Scorsese,Robert De Niro,8.133
Being There,1979,4.0,130.0,"Comedy, Drama",Hal Ashby,Peter Sellers,7.62
The Shining,1980,4.0,144.0,"Horror, Thriller",Stanley Kubrick,Jack Nicholson,8.212
Raiders of the Lost Ark,1981,4.0,115.0,"Adventure, Action",Steven Spielberg,Harrison Ford,7.924
Scarface,1983,4.5,170.0,"Action, Crime, Drama",Brian De Palma,Al Pacino,8.162
The Breakfast Club,1985,4.0,98.0,"Comedy, Drama",John Hughes,Emilio Estevez,7.732
The Goonies,1985,4.0,114.0,"Adventure, Comedy, Family",Richard Donner,Sean Astin,7.512
Back to the Future,1985,4.0,116.0,"Adventure, Comedy, Science Fiction",Robert Zemeckis,Michael J. Fox,8.321
Ferris Bueller's Day Off,1986,4.0,103.0,Comedy,John Hughes,Matthew Broderick,7.572
Mississippi Burning,1988,4.5,128.0,"Drama, Crime, Mystery, Thriller",Alan Parker,Gene Hackman,7.666
Dead Poets Society,1989,5.0,128.0,Drama,Peter Weir,Robin Williams,8.302
Home Alone,1990,4.0,103.0,"Comedy, Family",Chris Columbus,Macaulay Culkin,7.446
The Silence of the Lambs,1991,4.5,119.0,"Crime, Drama, Thriller",Jonathan Demme,Jodie Foster,8.347
Reservoir Dogs,1992,4.0,99.0,"Crime, Thriller",Quentin Tarantino,Harvey Keitel,8.12
Jurassic Park,1993,4.0,127.0,"Adventure, Science Fiction",Steven Spielberg,Sam Neill,7.955
Schindler's List,1993,4.5,195.0,"Drama, History, War",Steven Spielberg,Liam Neeson,8.564
The Lion King,1994,3.5,89.0,"Family, Animation, Drama",Roger Allers,Matthew Broderick,8.258
Forrest Gump,1994,5.0,142.0,"Comedy, Drama, Romance",Robert Zemeckis,Tom Hanks,8.468
The Shawshank Redemption,1994,4.0,142.0,"Drama, Crime",Frank Darabont,Tim Robbins,8.711
Se7en,1995,4.5,127.0,"Crime, Mystery, Thriller",David Fincher,Morgan Freeman,8.376
Toy Story,1995,3.5,81.0,"Animation, Adventure, Family, Comedy",John Lasseter,Tom Hanks,7.969
The Game,1997,4.0,129.0,"Drama, Thriller, Mystery",David Fincher,Michael Douglas,7.565
Titanic,1997,4.5,194.0,"Drama, Romance",James Cameron,Leonardo DiCaprio,7.906
Good Will Hunting,1997,4.5,127.0,Drama,Gus Van Sant,Matt Damon,8.157
Life Is Beautiful,1997,4.5,116.0,"Comedy, Drama",Roberto Benigni,Roberto Benigni,8.447
The Truman Show,1998,4.0,103.0,"Comedy, Drama",Peter Weir,Jim Carrey,8.147
Saving Private Ryan,1998,4.5,169.0,"Drama, History, War",Steven Spielberg,Tom Hanks,8.219
American History X,1998,4.5,119.0,Drama,Tony Kaye,Edward Norton,8.336
The Matrix,1999,4.0,136.0,"Action, Science Fiction",Lana Wachowski,Keanu Reeves,8.227
10 Things I Hate About You,1999,4.0,97.0,"Comedy, Romance, Drama",Gil Junger,Heath Ledger,7.595
Fight Club,1999,4.0,139.0,Drama,David Fincher,Edward Norton,8.438
Gladiator,2000,4.5,155.0,"Action, Drama, Adventure",Ridley Scott,Russell Crowe,8.22
Cast Away,2000,4.0,143.0,"Adventure, Drama",Robert Zemeckis,Tom Hanks,7.659
Shrek,2001,4.0,90.0,"Animation, Comedy, Fantasy, Adventure, Family",Andrew Adamson,Mike Myers,7.752
Harry Potter and the Philosopher's Stone,2001,4.5,152.0,"Adventure, Fantasy",Chris Columbus,Daniel Radcliffe,7.9
The Bourne Identity,2002,4.0,119.0,"Action, Drama, Mystery, Thriller",Doug Liman,Matt Damon,7.467
Harry Potter and the Chamber of Secrets,2002,4.5,161.0,"Adventure, Fantasy",Chris Columbus,Daniel Radcliffe,7.7
Catch Me If You Can,2002,4.5,141.0,"Drama, Crime",Steven Spielberg,Leonardo DiCaprio,7.977
2 Fast 2 Furious,2003,3.5,107.0,"Action, Crime, Thriller",John Singleton,Paul Walker,6.51
Harry Potter and the Prisoner of Azkaban,2004,4.5,141.0,"Adventure, Fantasy",Alfonso Cuarón,Daniel Radcliffe,8.012
School of Rock,2003,3.5,110.0,"Comedy, Music",Richard Linklater,Jack Black,7.085
Pride & Prejudice,2005,4.0,127.0,"Drama, Romance",Joe Wright,Keira Knightley,8.065
Harry Potter and the Goblet of Fire,2005,4.5,157.0,"Adventure, Fantasy",Mike Newell,Daniel Radcliffe,7.8
V for Vendetta,2005,3.5,132.0,"Action, Thriller, Science Fiction",James McTeigue,Natalie Portman,7.899
The Last King of Scotland,2006,4.0,123.0,Drama,Kevin Macdonald,Forest Whitaker,7.422
Once Upon a Time... in Hollywood,2019,4.0,162.0,"Comedy, Drama, Thriller",Quentin Tarantino,Leonardo DiCaprio,7.428
Hostel,2005,1.0,94.0,Horror,Eli Roth,Jay Hernandez,5.941
Nope,2022,2.0,130.0,"Horror, Science Fiction, Thriller",Jordan Peele,Daniel Kaluuya,6.842
The Talented Mr. Ripley,1999,4.0,140.0,"Thriller, Crime, Drama",Anthony Minghella,Matt Damon,7.2
Angels & Demons,2009,3.5,138.0,"Thriller, Mystery",Ron Howard,Tom Hanks,6.715
Hotel Mumbai,2018,3.5,123.0,"Thriller, History, Drama, Action",Anthony Maras,Dev Patel,7.534
Escape Room,2019,2.5,100.0,"Horror, Thriller, Mystery",Adam Robitel,Taylor Russell,6.543
A Dog's Way Home,2019,0.5,96.0,"Drama, Adventure, Family",Charles Martin Smith,Ashley Judd,7.4
How to Train Your Dragon: The Hidden World,2019,3.5,104.0,"Animation, Family, Adventure",Dean DeBlois,Jay Baruchel,7.751
How to Train Your Dragon,2010,3.5,98.0,"Fantasy, Adventure, Animation, Family",Chris Sanders,Jay Baruchel,7.844
Five Feet Apart,2019,3.5,116.0,"Romance, Drama",Justin Baldoni,Haley Lu Richardson,8.236
The Lion King,2019,3.5,118.0,"Adventure, Drama, Family, Animation",Jon Favreau,Chiwetel Ejiofor,7.108
French Kiss,1995,4.0,111.0,"Comedy, Romance",Lawrence Kasdan,Meg Ryan,6.467
The American,2010,3.0,104.0,"Crime, Drama, Thriller",Anton Corbijn,George Clooney,5.971
GoodFellas,1990,3.5,145.0,"Drama, Crime",Martin Scorsese,Robert De Niro,8.454
Full Metal Jacket,1987,4.0,117.0,"Drama, War",Stanley Kubrick,Matthew Modine,8.122
2001: A Space Odyssey,1968,3.0,149.0,"Science Fiction, Mystery, Adventure",Stanley Kubrick,Keir Dullea,8.066
21,2008,4.0,123.0,"Drama, Crime",Robert Luketic,Jim Sturgess,6.687
Zodiac,2007,4.0,157.0,"Crime, Drama, Mystery, Thriller",David Fincher,Jake Gyllenhaal,7.528
Hotel Rwanda,2004,4.0,121.0,"Drama, History, War",Terry George,Don Cheadle,7.713
The Deer Hunter,1978,4.5,183.0,"Drama, War",Michael Cimino,Robert De Niro,7.992
The Karate Kid,1984,4.5,126.0,"Action, Adventure, Drama, Family",John G. Avildsen,Ralph Macchio,7.203
Burn After Reading,2008,4.0,96.0,"Comedy, Drama",Ethan Coen,George Clooney,6.655
Ocean's Eleven,2001,4.0,116.0,"Thriller, Crime",Steven Soderbergh,George Clooney,7.447
Fargo,1996,4.0,98.0,"Crime, Drama, Thriller",Joel Coen,Frances McDormand,7.855
Unforgiven,1992,3.0,130.0,Western,Clint Eastwood,Clint Eastwood,7.912
"Hail, Caesar!",2016,3.5,106.0,"Comedy, Crime, Mystery, Drama",Joel Coen,Josh Brolin,5.925
Along Came a Spider,2001,4.0,104.0,"Crime, Mystery, Thriller, Action",Lee Tamahori,Morgan Freeman,6.326
The Woman in Red,1984,4.0,87.0,"Comedy, Romance",Gene Wilder,Gene Wilder,6.3
The Sum of All Fears,2002,4.0,124.0,"Thriller, Action, Drama",Phil Alden Robinson,Ben Affleck,6.357
A Dog's Will,2000,5.0,104.0,"Comedy, Drama, Fantasy",Guel Arraes,Matheus Nachtergaele,8.428
The Departed,2006,4.0,151.0,"Drama, Thriller, Crime",Martin Scorsese,Leonardo DiCaprio,8.159
Shooter,2007,4.0,124.0,"Drama, Action, Thriller",Antoine Fuqua,Mark Wahlberg,7.119
The Guilty,2021,1.5,91.0,"Drama, Thriller",Antoine Fuqua,Jake Gyllenhaal,6.4
The Father,2020,3.5,97.0,Drama,Florian Zeller,Anthony Hopkins,8.113
The Russia House,1990,3.5,118.0,"Drama, Thriller, Romance",Fred Schepisi,Sean Connery,6.062
Dr. No,1962,3.5,110.0,"Adventure, Action, Thriller",Terence Young,Sean Connery,6.993
From Russia with Love,1963,4.0,115.0,"Action, Thriller, Adventure",Terence Young,Sean Connery,7.068
Addicted to Love,1997,3.5,100.0,"Comedy, Romance",Griffin Dunne,Meg Ryan,6.1
Back to the Future Part II,1989,4.0,108.0,"Adventure, Comedy, Science Fiction",Robert Zemeckis,Michael J. Fox,7.773
Jojo Rabbit,2019,3.0,108.0,"Comedy, War, Drama",Taika Waititi,Roman Griffin Davis,8.004
The Croods,2013,3.0,98.0,"Animation, Adventure, Family, Fantasy, Comedy, Action",Kirk DeMicco,Nicolas Cage,6.925
Evita,1996,3.0,135.0,"History, Drama",Alan Parker,Madonna,6.1
Cold Tropics,2009,4.5,22.0,Science Fiction,Kleber Mendonça Filho,Andrés Schaffer,7.6
Phone Booth,2002,3.0,81.0,"Thriller, Crime",Joel Schumacher,Colin Farrell,6.85
Indiana Jones and the Temple of Doom,1984,4.0,118.0,"Adventure, Action",Steven Spielberg,Harrison Ford,7.3
Silver Linings Playbook,2012,3.5,122.0,"Drama, Comedy, Romance",David O. Russell,Bradley Cooper,7.145
Indiana Jones and the Last Crusade,1989,4.5,127.0,"Adventure, Action",Steven Spielberg,Harrison Ford,7.85
Tenet,2020,3.0,150.0,"Action, Thriller, Science Fiction",Christopher Nolan,John David Washington,7.18
There Will Be Blood,2007,4.0,158.0,Drama,Paul Thomas Anderson,Daniel Day-Lewis,8.071
The Call,2013,4.0,94.0,"Crime, Thriller",Brad Anderson,Halle Berry,6.793
8 Mile,2002,3.5,111.0,"Drama, Music",Curtis Hanson,Eminem,7.14
The Pale Blue Eye,2022,3.0,128.0,"Thriller, Crime, Horror, Mystery",Scott Cooper,Christian Bale,6.835
Gone with the Wind,1939,4.0,233.0,"Drama, War, Romance",Victor Fleming,Vivien Leigh,7.934
Split,2016,3.5,150.0,"Fantasy, Drama, Thriller, Crime",Deborah Kampmeier,Amy Ferguson,5.718
Knives Out,2019,4.0,131.0,"Comedy, Crime, Mystery",Rian Johnson,Daniel Craig,7.843
Still Alice,2014,3.5,100.0,Drama,Wash Westmoreland,Julianne Moore,7.479
The Count of Monte Cristo,2002,0.5,131.0,"Adventure, Drama, History",Kevin Reynolds,Jim Caviezel,7.678
Enter the Dragon,1973,3.0,102.0,Action,Robert Clouse,Bruce Lee,7.4
Braveheart,1995,4.5,177.0,"Action, Drama, History, War",Mel Gibson,Mel Gibson,7.944
Boyka: Undisputed IV,2016,3.5,87.0,"Action, Drama, Thriller",Todor Chapkanov,Scott Adkins,7.151
Puss in Boots,2011,3.0,90.0,"Animation, Family, Fantasy, Adventure, Comedy, Action",Chris Miller,Antonio Banderas,6.576
Analyze This,1999,4.5,103.0,"Comedy, Crime",Harold Ramis,Robert De Niro,6.512
The Rock,1996,4.0,137.0,"Action, Adventure, Thriller",Michael Bay,Sean Connery,7.132
When Harry Met Sally...,1989,3.0,96.0,"Comedy, Romance, Drama",Rob Reiner,Billy Crystal,7.404
Heat,1995,4.0,170.0,"Crime, Drama, Action",Michael Mann,Al Pacino,7.92
As Good as It Gets,1997,4.0,139.0,"Drama, Comedy, Romance",James L. Brooks,Jack Nicholson,7.392
The Banshees of Inisherin,2022,4.0,114.0,"Drama, Comedy",Martin McDonagh,Colin Farrell,7.451
Absolute Power,1997,4.0,121.0,"Crime, Drama, Action",Clint Eastwood,Clint Eastwood,6.7
All Quiet on the Western Front,2022,3.5,147.0,"War, History, Drama",Edward Berger,Felix Kammerer,7.727
Gangs of New York,2002,4.0,168.0,"Drama, History, Crime",Martin Scorsese,Leonardo DiCaprio,7.317
Interstellar,2014,4.0,169.0,"Adventure, Drama, Science Fiction",Christopher Nolan,Matthew McConaughey,8.455
Pixote,1980,4.5,127.0,"Crime, Drama",Héctor Babenco,Fernando Ramos da Silva,8.0
Amadeus,1984,4.5,160.0,"History, Music, Drama",Miloš Forman,F. Murray Abraham,8.024
The Menu,2022,3.5,107.0,"Comedy, Horror, Thriller",Mark Mylod,Anya Taylor-Joy,7.2
Gandhi,1982,4.5,191.0,"Drama, History",Richard Attenborough,Ben Kingsley,7.555
In the Tall Grass,2019,1.0,102.0,"Horror, Drama, Thriller",Vincenzo Natali,Laysla De Oliveira,5.5
The Whale,2022,3.0,117.0,Drama,Darren Aronofsky,Brendan Fraser,7.8
Triangle of Sadness,2022,3.5,147.0,"Comedy, Drama",Ruben Östlund,Harris Dickinson,7.053
Maid in Manhattan,2002,3.5,105.0,"Comedy, Drama, Romance",Wayne Wang,Jennifer Lopez,6.1
Nomadland,2020,3.0,108.0,Drama,Chloé Zhao,Frances McDormand,7.189
Seven Psychopaths,2012,4.0,110.0,"Comedy, Crime",Martin McDonagh,Colin Farrell,6.821
Snatch,2000,4.0,103.0,"Crime, Comedy",Guy Ritchie,Jason Statham,7.812
Aftersun,2022,4.0,101.0,Drama,Charlotte Wells,Paul Mescal,7.7
The Curious Case of Benjamin Button,2008,4.0,166.0,"Drama, Fantasy, Romance",David Fincher,Brad Pitt,7.593
City of God,2002,4.5,129.0,"Drama, Crime",Fernando Meirelles,Alexandre Rodrigues,8.43
Bacurau,2019,4.5,131.0,"Mystery, Western, Thriller",Juliano Dornelles,Bárbara Colen,7.674
Luther: The Fallen Sun,2023,3.5,129.0,"Crime, Mystery, Thriller",Jamie Payne,Idris Elba,6.658
In the Name of the Father,1993,4.5,133.0,Drama,Jim Sheridan,Daniel Day-Lewis,7.904
Inception,2010,4.0,148.0,"Action, Science Fiction, Adventure",Christopher Nolan,Leonardo DiCaprio,8.369
Gone Girl,2014,4.5,149.0,"Mystery, Thriller, Drama",David Fincher,Ben Affleck,7.889
The Godfather Part II,1974,4.5,202.0,"Drama, Crime",Francis Ford Coppola,Al Pacino,8.571
American Psycho,2000,2.5,102.0,"Thriller, Drama, Crime",Mary Harron,Christian Bale,7.405
Rear Window,1954,3.5,112.0,"Thriller, Mystery",Alfred Hitchcock,James Stewart,8.353
Shoot to Kill,1988,4.0,109.0,"Action, Thriller, Crime, Drama",Roger Spottiswoode,Sidney Poitier,6.578
Adventures of a Mathematician,2020,3.5,102.0,"Drama, History",Thorsten Klein,Philippe Tłokiński,6.2
The Godfather,1972,4.5,175.0,"Drama, Crime",Francis Ford Coppola,Marlon Brando,8.686
Mystic River,2003,4.0,138.0,"Thriller, Crime, Drama, Mystery",Clint Eastwood,Sean Penn,7.744
In the Heat of the Night,1967,4.0,109.0,"Crime, Drama, Mystery, Thriller",Norman Jewison,Sidney Poitier,7.643
Guess Who's Coming to Dinner,1967,4.0,108.0,"Drama, Romance",Stanley Kramer,Spencer Tracy,7.562
Ben-Hur,1959,4.5,222.0,"History, Drama, Adventure, Action",William Wyler,Charlton Heston,7.888
One Flew Over the Cuckoo's Nest,1975,5.0,133.0,Drama,Miloš Forman,Jack Nicholson,8.4
"To Sir, with Love",1967,4.5,105.0,Drama,James Clavell,Sidney Poitier,7.5
Oppenheimer,2023,4.0,181.0,"Drama, History",Christopher Nolan,Cillian Murphy,8.1
Dunkirk,2017,3.0,107.0,"War, Action, Drama",Christopher Nolan,Fionn Whitehead,7.5
Mission: Impossible – Dead Reckoning,2023,3.0,164.0,"Action, Adventure, Thriller",Christopher McQuarrie,Tom Cruise,7.53
The Irishman,2019,3.5,209.0,"Crime, Drama, History",Martin Scorsese,Robert De Niro,7.59
Lawrence of Arabia,1962,4.0,228.0,"Adventure, History, War",David Lean,Peter O'Toole,7.996
The Trial of the Chicago 7,2020,3.5,130.0,"Drama, History",Aaron Sorkin,Eddie Redmayne,7.683
The Pianist,2002,3.5,150.0,"Drama, War",Roman Polanski,Adrien Brody,8.379
King Arthur: Legend of the Sword,2017,3.0,126.0,"Action, Drama, Fantasy",Guy Ritchie,Charlie Hunnam,6.549
Cinema Paradiso,1988,5.0,124.0,"Drama, Romance",Giuseppe Tornatore,Philippe Noiret,8.436
Pictures of Ghosts,2023,4.0,93.0,Documentary,Kleber Mendonça Filho,Kleber Mendonça Filho,8.057
The Gentlemen,2019,3.5,113.0,"Comedy, Crime",Guy Ritchie,Matthew McConaughey,7.681
Apocalypse Now,1979,3.5,147.0,"Drama, War",Francis Ford Coppola,Martin Sheen,8.272
Ikiru,1952,4.0,143.0,Drama,Akira Kurosawa,Takashi Shimura,8.312
Bicycle Thieves,1948,4.0,89.0,Drama,Vittorio De Sica,Lamberto Maggiorani,8.172
Once Upon a Time in the West,1968,3.5,166.0,"Drama, Western",Sergio Leone,Claudia Cardinale,8.3
Zorba the Greek,1964,4.5,142.0,Drama,Mihalis Kakogiannis,Anthony Quinn,7.492
Glory,1989,3.5,122.0,"Drama, History, War",Edward Zwick,Matthew Broderick,7.469
Mediterraneo,1991,4.0,96.0,"Comedy, Romance, War",Gabriele Salvatores,Diego Abatantuono,7.634
North by Northwest,1959,3.5,136.0,"Thriller, Adventure",Alfred Hitchcock,Cary Grant,7.981
Citizen Kane,1941,3.0,119.0,"Mystery, Drama",Orson Welles,Orson Welles,7.997
All the President's Men,1976,4.0,138.0,"Drama, Mystery, Thriller",Alan J. Pakula,Dustin Hoffman,7.649
The Girl with the Dragon Tattoo,2011,4.5,158.0,"Thriller, Crime, Mystery",David Fincher,Daniel Craig,7.374
Reptile,2023,3.0,136.0,"Crime, Mystery, Thriller, Drama",Grant Singer,Benicio del Toro,6.67
Primal Fear,1996,4.5,129.0,"Crime, Drama, Mystery, Thriller",Gregory Hoblit,Richard Gere,7.655
The Prestige,2006,3.5,130.0,"Drama, Mystery, Science Fiction",Christopher Nolan,Hugh Jackman,8.203
Doctor Zhivago,1965,4.0,200.0,"Drama, Romance, War",David Lean,Omar Sharif,7.547
Seal Team Six: The Raid on Osama Bin Laden,2012,2.5,90.0,"Thriller, Action, Drama",John Stockwell,Cam Gigandet,5.917
The Man Who Would Be King,1975,3.5,129.0,"Adventure, Drama",John Huston,Sean Connery,7.484
Rain Man,1988,3.5,134.0,Drama,Barry Levinson,Dustin Hoffman,7.755
The English Patient,1996,3.5,162.0,"Drama, Romance, War",Anthony Minghella,Ralph Fiennes,7.2
Eyes Wide Shut,1999,4.0,159.0,"Drama, Thriller, Mystery",Stanley Kubrick,Tom Cruise,7.485
The Last Emperor,1987,3.5,163.0,"Drama, History",Bernardo Bertolucci,John Lone,7.606
Nobody,2021,4.0,91.0,"Action, Thriller",Ilya Naishuller,Bob Odenkirk,7.923
U.S. Marshals,1998,4.0,131.0,"Thriller, Crime, Action",Stuart Baird,Tommy Lee Jones,6.527
Amélie,2001,4.5,122.0,"Comedy, Romance",Jean-Pierre Jeunet,Audrey Tautou,7.913
The White Ribbon,2009,4.0,144.0,"Drama, Mystery",Michael Haneke,Christian Friedel,7.482
Barton Fink,1991,3.5,117.0,"Comedy, Drama, Thriller",Joel Coen,John Turturro,7.457
Papillon,1973,4.0,151.0,"Crime, Drama",Franklin J. Schaffner,Steve McQueen,7.83
Killers of the Flower Moon,2023,3.5,206.0,"Crime, History, Drama",Martin Scorsese,Leonardo DiCaprio,7.424
Dirty Rotten Scoundrels,1988,4.0,110.0,"Crime, Comedy",Frank Oz,Steve Martin,7.09
The Invisible Guest,2016,4.0,107.0,"Drama, Mystery, Thriller",Oriol Paulo,Mario Casas,8.097
The Secret in Their Eyes,2009,4.5,130.0,"Mystery, Thriller, Drama",Juan José Campanella,Ricardo Darín,7.986
Pain and Glory,2019,4.0,114.0,Drama,Pedro Almodóvar,Antonio Banderas,7.387
Wild Tales,2014,4.5,122.0,"Drama, Thriller, Comedy",Damián Szifron,Ricardo Darín,7.865
Les Misérables,2012,4.0,158.0,"History, Drama",Tom Hooper,Hugh Jackman,7.317
La Belle Époque,2019,5.0,115.0,"Comedy, Drama",Nicolas Bedos,Daniel Auteuil,7.365
The Day That Lasted 21 Years,2012,4.0,77.0,Documentary,Camilo Tavares,João Goulart,7.6
The Last of the Mohicans,1992,4.5,112.0,"Action, History, Romance, War",Michael Mann,Daniel Day-Lewis,7.4
Argentina 1985,2022,4.5,141.0,"Drama, History, Crime",Santiago Mitre,Ricardo Darín,7.8
The Equalizer 3,2023,3.0,109.0,"Action, Thriller, Crime",Antoine Fuqua,Denzel Washington,7.31
The French Revolution,1989,4.0,335.0,"Drama, War, History, Thriller",Richard T. Heffron,Klaus Maria Brandauer,7.5
Cape Fear,1991,4.0,128.0,"Drama, Crime, Thriller",Martin Scorsese,Robert De Niro,7.256
Léon: The Professional,1994,4.0,111.0,"Crime, Drama, Action",Luc Besson,Jean Reno,8.301
Ratatouille,2007,4.5,111.0,"Animation, Comedy, Family, Fantasy",Brad Bird,Patton Oswalt,7.828
"O Brother, Where Art Thou?",2000,4.5,107.0,"Adventure, Comedy, Crime",Joel Coen,George Clooney,7.319
Pulp Fiction,1994,4.5,154.0,"Thriller, Crime",Quentin Tarantino,John Travolta,8.488
Chinatown,1974,3.5,130.0,"Crime, Drama, Mystery, Thriller",Roman Polanski,Jack Nicholson,7.917
The Wonderful Story of Henry Sugar,2023,4.5,39.0,"Comedy, Fantasy, Adventure",Wes Anderson,Ralph Fiennes,7.239
Shakespeare in Love,1998,3.5,123.0,"Romance, History, Comedy",John Madden,Joseph Fiennes,6.854
Don Juan DeMarco,1994,4.0,97.0,"Romance, Drama, Comedy",Jeremy Leven,Johnny Depp,6.727
Barry Lyndon,1975,4.5,185.0,"Drama, Romance, War, History",Stanley Kubrick,Ryan O'Neal,8.0
Kill Bill: Vol. 1,2003,3.5,111.0,"Action, Crime",Quentin Tarantino,Uma Thurman,7.971
Amores Perros,2000,4.0,154.0,"Drama, Thriller",Alejandro González Iñárritu,Emilio Echevarría,7.6
Mulholland Drive,2001,4.0,147.0,"Thriller, Drama, Mystery",David Lynch,Naomi Watts,7.809
Kill Bill: Vol. 2,2004,3.5,136.0,"Action, Crime, Thriller",Quentin Tarantino,Uma Thurman,7.875
From Dusk Till Dawn,1996,4.0,108.0,"Horror, Action, Thriller, Crime",Robert Rodriguez,George Clooney,7.028
Platoon,1986,4.5,120.0,"Drama, War, Action",Oliver Stone,Charlie Sheen,7.743
Saltburn,2023,4.0,131.0,"Drama, Comedy, Thriller",Emerald Fennell,Barry Keoghan,6.977
Lost in Translation,2003,4.5,102.0,"Drama, Romance, Comedy",Sofia Coppola,Bill Murray,7.385
Breakfast at Tiffany's,1961,3.5,115.0,"Comedy, Romance, Drama",Blake Edwards,Audrey Hepburn,7.643
The Dictator,2012,2.0,83.0,Comedy,Larry Charles,Sacha Baron Cohen,6.203
The Remains of the Day,1993,4.0,134.0,"Drama, Romance",James Ivory,Anthony Hopkins,7.367
The Age of Innocence,1993,4.0,139.0,"Drama, Romance",Martin Scorsese,Daniel Day-Lewis,6.979
Casino,1995,4.0,179.0,"Crime, Drama",Martin Scorsese,Robert De Niro,7.997
Jackie Brown,1997,4.0,154.0,"Crime, Drama, Thriller",Quentin Tarantino,Pam Grier,7.358
Blood Diamond,2006,4.5,143.0,"Drama, Thriller, Action",Edward Zwick,Leonardo DiCaprio,7.546
Meet Joe Black,1998,4.0,178.0,"Fantasy, Drama, Romance",Martin Brest,Brad Pitt,7.35
Bob Marley: One Love,2024,3.5,104.0,"Music, History, Drama",Reinaldo Marcus Green,Kingsley Ben-Adir,6.681
The Guns of Navarone,1961,4.0,160.0,"War, Adventure, Thriller, Action",J. Lee Thompson,Gregory Peck,7.313
Purple Noon,1960,4.0,118.0,"Crime, Drama, Thriller",René Clément,Alain Delon,7.568
Moulin Rouge!,2001,3.0,128.0,"Drama, Romance, Music",Baz Luhrmann,Ewan McGregor,7.552
Amour,2012,4.0,127.0,"Drama, Romance",Michael Haneke,Jean-Louis Trintignant,7.756
Anatomy of a Fall,2023,4.0,151.0,"Thriller, Mystery, Crime",Justine Triet,Sandra Hüller,7.539
Goldfinger,1964,3.5,110.0,"Adventure, Action, Thriller",Guy Hamilton,Sean Connery,7.351
La Haine,1995,4.0,98.0,Drama,Mathieu Kassovitz,Vincent Cassel,8.087
"Basic Sanitation, the Movie",2007,4.5,112.0,Comedy,Jorge Furtado,Fernanda Torres,7.069
The Piano Teacher,2001,4.0,131.0,"Drama, Romance",Michael Haneke,Isabelle Huppert,7.3
The Shoes of the Fisherman,1968,4.0,162.0,Drama,Michael Anderson,Anthony Quinn,6.727
Troy,2004,4.0,163.0,"War, Action, History",Wolfgang Petersen,Brad Pitt,7.163
Modern Times,1936,4.5,87.0,"Comedy, Drama, Romance",Charlie Chaplin,Charlie Chaplin,8.28
"Cinema, Aspirins and Vultures",2005,4.0,99.0,Drama,Marcelo Gomes,Peter Ketnath,6.909
Kardec,2019,2.0,110.0,"Drama, History",Wagner de Assis,Leonardo Medeiros,6.6
The Charge of the Light Brigade,1968,4.0,139.0,"Drama, History, War",Tony Richardson,Trevor Howard,6.104
The Zone of Interest,2023,3.5,105.0,"Drama, History, War",Jonathan Glazer,Christian Friedel,7.0
Dersu Uzala,1975,4.5,141.0,"Adventure, Drama",Akira Kurosawa,Yuriy Solomin,7.928
The Rules of the Game,1939,4.0,106.0,"Drama, Comedy, Romance",Jean Renoir,Nora Gregor,7.497
Book Club: The Next Chapter,2023,2.0,108.0,"Comedy, Romance",Bill Holderman,Diane Keaton,6.327
Death at a Funeral,2007,4.0,91.0,"Comedy, Drama",Frank Oz,Matthew Macfadyen,6.899
Mickey Blue Eyes,1999,4.0,102.0,"Comedy, Crime, Romance",Kelly Makin,Hugh Grant,5.68
Groundhog Day,1993,3.0,101.0,"Romance, Fantasy, Drama, Comedy",Harold Ramis,Bill Murray,7.615
Four Weddings and a Funeral,1994,4.0,117.0,"Comedy, Drama, Romance",Mike Newell,Hugh Grant,6.771
Notting Hill,1999,4.0,124.0,"Romance, Comedy",Roger Michell,Julia Roberts,7.263
Meet the Parents,2000,4.0,108.0,"Comedy, Romance",Jay Roach,Ben Stiller,6.681
Madagascar,2005,4.0,86.0,"Family, Animation, Adventure, Comedy",Eric Darnell,Ben Stiller,6.9
Night at the Museum,2006,3.5,108.0,"Action, Adventure, Comedy, Family, Fantasy",Shawn Levy,Ben Stiller,6.588
DodgeBall: A True Underdog Story,2004,3.5,92.0,Comedy,Rawson Marshall Thurber,Vince Vaughn,6.355
Madagascar 3: Europe's Most Wanted,2012,4.0,93.0,"Animation, Family, Comedy, Adventure",Eric Darnell,Ben Stiller,6.617
There's Something About Mary,1998,4.0,120.0,"Romance, Comedy",Bobby Farrelly,Cameron Diaz,6.613
Meet the Fockers,2004,4.0,115.0,"Comedy, Romance",Jay Roach,Ben Stiller,6.25
Night at the Museum: Secret of the Tomb,2014,3.5,98.0,"Adventure, Comedy, Fantasy, Family",Shawn Levy,Ben Stiller,6.216
Mission: Impossible,1996,4.5,110.0,"Adventure, Action, Thriller",Brian De Palma,Tom Cruise,7.001
Mission: Impossible – Fallout,2018,3.5,147.0,"Action, Adventure",Christopher McQuarrie,Tom Cruise,7.441
Mission: Impossible – Rogue Nation,2015,3.5,131.0,"Action, Adventure",Christopher McQuarrie,Tom Cruise,7.215
The Italian Job,2003,3.0,110.0,"Action, Crime",F. Gary Gray,Mark Wahlberg,6.775
The Thing,1982,4.0,109.0,"Horror, Mystery, Science Fiction",John Carpenter,Kurt Russell,8.07
Bullitt,1968,3.5,113.0,"Action, Crime, Thriller, Romance, Drama",Peter Yates,Steve McQueen,7.1
Five Graves to Cairo,1943,4.0,96.0,"War, Thriller, Drama",Billy Wilder,Franchot Tone,7.0
Black Narcissus,1947,4.0,100.0,Drama,Michael Powell,Deborah Kerr,7.542
Fear and Desire,1952,2.5,62.0,"Drama, War, Thriller",Stanley Kubrick,Frank Silvera,5.392
Star Wars,1977,4.0,121.0,"Adventure, Action, Science Fiction",George Lucas,Mark Hamill,8.2
The Empire Strikes Back,1980,4.0,124.0,"Adventure, Action, Science Fiction",Irvin Kershner,Mark Hamill,8.396
Return of the Jedi,1983,4.0,132.0,"Adventure, Action, Science Fiction",Richard Marquand,Mark Hamill,7.903
Star Wars: Episode I – The Phantom Menace,1999,3.5,136.0,"Adventure, Action, Science Fiction",George Lucas,Liam Neeson,6.563
Star Wars: Episode II – Attack of the Clones,2002,3.5,142.0,"Adventure, Action, Science Fiction",George Lucas,Hayden Christensen,6.579
Star Wars: Episode III – Revenge of the Sith,2005,4.0,140.0,"Adventure, Action, Science Fiction",George Lucas,Hayden Christensen,7.4
Star Wars: The Force Awakens,2015,3.0,136.0,"Adventure, Action, Science Fiction",J.J. Abrams,Harrison Ford,7.3
Kingdom of the Planet of the Apes,2024,2.5,145.0,"Science Fiction, Adventure, Action, Drama, Thriller",Wes Ball,Owen Teague,7.07
Rise of the Planet of the Apes,2011,3.5,105.0,"Thriller, Action, Drama, Science Fiction",Rupert Wyatt,Andy Serkis,7.333
Dawn of the Planet of the Apes,2014,3.5,130.0,"Science Fiction, Action, Drama, Thriller",Matt Reeves,Andy Serkis,7.331
War for the Planet of the Apes,2017,3.0,140.0,"Drama, Science Fiction, War",Matt Reeves,Andy Serkis,7.207
Planet of the Apes,1968,4.0,112.0,"Science Fiction, Adventure, Drama, Action",Franklin J. Schaffner,Charlton Heston,7.645
Thunderheart,1992,3.5,119.0,"Crime, Mystery, Thriller",Michael Apted,Val Kilmer,6.3
Land of Bad,2024,3.0,113.0,"Action, War, Thriller",William Eubank,Liam Hemsworth,7.264
In the Land of Saints and Sinners,2023,3.0,106.0,"Action, Thriller",Robert Lorenz,Liam Neeson,6.52
Blade Runner,1982,3.0,118.0,"Science Fiction, Drama, Thriller",Ridley Scott,Harrison Ford,7.94
Amistad,1997,4.0,155.0,"Drama, History, Mystery",Steven Spielberg,Morgan Freeman,7.023
Pirates of the Caribbean: The Curse of the Black Pearl,2003,4.0,143.0,"Adventure, Fantasy, Action",Gore Verbinski,Johnny Depp,7.811
Rocky,1976,4.0,120.0,Drama,John G. Avildsen,Sylvester Stallone,7.79
Rocky II,1979,4.0,120.0,Drama,Sylvester Stallone,Sylvester Stallone,7.277
Rocky III,1982,4.0,99.0,Drama,Sylvester Stallone,Sylvester Stallone,6.894
Rocky IV,1985,4.5,91.0,Drama,Sylvester Stallone,Sylvester Stallone,7.081
Rocky V,1990,3.0,104.0,Drama,John G. Avildsen,Sylvester Stallone,5.772
Creed,2015,4.0,133.0,"Action, Drama",Ryan Coogler,Michael B. Jordan,7.406
Creed II,2018,3.0,130.0,"Drama, Action",Steven Caple Jr.,Michael B. Jordan,7.033
"The Good, the Bad and the Ugly",1966,4.5,161.0,Western,Sergio Leone,Clint Eastwood,8.462
Matilda,1996,4.0,98.0,"Comedy, Family, Fantasy",Danny DeVito,Mara Wilson,7.166
The Fast and the Furious,2001,3.0,106.0,"Action, Crime, Thriller",Rob Cohen,Paul Walker,6.991
"The Chronicles of Narnia: The Lion, the Witch and the Wardrobe",2005,4.0,143.0,"Adventure, Family, Fantasy",Andrew Adamson,William Moseley,7.132
High School Musical,2006,3.0,98.0,"Comedy, Drama, Family, Music, Romance, TV Movie",Kenny Ortega,Zac Efron,6.5
High School Musical 2,2007,3.0,111.0,"Comedy, Drama, Family, Music, Romance, TV Movie",Kenny Ortega,Zac Efron,6.5
High School Musical 3: Senior Year,2008,3.0,117.0,"Comedy, Romance, Drama, Family, Music",Kenny Ortega,Zac Efron,6.5
Twilight,2008,4.0,122.0,"Fantasy, Drama, Romance",Catherine Hardwicke,Kristen Stewart,6.286
WALL·E,2008,4.0,98.0,"Animation, Family, Science Fiction",Andrew Stanton,Ben Burtt,8.1
The Incredibles,2004,3.5,115.0,"Action, Adventure, Animation, Family",Brad Bird,Craig T. Nelson,7.7
Lilo & Stitch,2002,4.0,85.0,"Animation, Family, Comedy",Chris Sanders,Daveigh Chase,7.554
Guardians of the Galaxy,2014,3.0,121.0,"Action, Science Fiction, Adventure",James Gunn,Chris Pratt,7.905
The Devil Wears Prada,2006,4.0,109.0,"Drama, Comedy",David Frankel,Meryl Streep,7.393
A Quiet Place,2018,3.5,91.0,"Horror, Drama, Science Fiction",John Krasinski,Emily Blunt,7.398
The Impossible,2012,3.5,113.0,"Drama, Thriller, History",J.A. Bayona,Naomi Watts,7.363
My Mom Is a Character,2013,3.0,85.0,Comedy,André Pellenz,Paulo Gustavo,7.748
Finding Nemo,2003,4.0,100.0,"Animation, Family",Andrew Stanton,Albert Brooks,7.816
Shrek 2,2004,3.5,92.0,"Animation, Family, Comedy, Fantasy, Adventure",Andrew Adamson,Mike Myers,7.296
Cars,2006,3.0,117.0,"Animation, Adventure, Comedy, Family",John Lasseter,Owen Wilson,7.0
Rango,2011,3.5,112.0,"Animation, Comedy, Family, Western, Adventure",Gore Verbinski,Johnny Depp,6.876
The Mummy,1999,3.5,124.0,"Adventure, Action, Fantasy",Stephen Sommers,Brendan Fraser,6.944
The Intern,2015,3.5,121.0,Comedy,Nancy Meyers,Robert De Niro,7.222
Men in Black 3,2012,4.0,106.0,"Action, Comedy, Science Fiction",Barry Sonnenfeld,Will Smith,6.531
The Social Dilemma,2020,4.0,94.0,"Documentary, Drama",Jeff Orlowski,Tristan Harris,7.441
My Mom Is a Character 2,2016,3.0,96.0,Comedy,César Rodrigues,Paulo Gustavo,7.701
My Mom Is a Character 3,2019,3.0,111.0,Comedy,Susana Garcia,Paulo Gustavo,8.194
Frozen,2013,2.5,102.0,"Animation, Family, Adventure, Fantasy",Chris Buck,Idina Menzel,7.247
John Wick: Chapter 2,2017,3.0,122.0,"Action, Thriller, Crime",Chad Stahelski,Keanu Reeves,7.333
Pirates of the Caribbean: At World's End,2007,3.5,169.0,"Adventure, Fantasy, Action",Gore Verbinski,Johnny Depp,7.26
The Mummy Returns,2001,3.5,130.0,"Adventure, Action, Fantasy",Stephen Sommers,Brendan Fraser,6.378
Harry Potter 20th Anniversary: Return to Hogwarts,2022,4.0,103.0,Documentary,Joe Pearlman,Daniel Radcliffe,7.303
American Pie 2,2001,3.0,108.0,"Comedy, Romance",J.B. Rogers,Jason Biggs,6.239
The Edge of Democracy,2019,3.5,121.0,Documentary,Petra Costa,Dilma Rousseff,7.648
World War Z,2013,3.0,116.0,"Action, Horror, Science Fiction, Thriller",Marc Forster,Brad Pitt,6.821
Jurassic World: Fallen Kingdom,2018,2.5,129.0,"Action, Adventure, Science Fiction, Thriller",J.A. Bayona,Chris Pratt,6.539
Fantastic Beasts and Where to Find Them,2016,3.0,133.0,"Fantasy, Adventure",David Yates,Eddie Redmayne,7.315
Pirates of the Caribbean: Dead Men Tell No Tales,2017,3.0,129.0,"Adventure, Action, Fantasy",Espen Sandberg,Johnny Depp,6.652
The Twilight Saga: Breaking Dawn – Part 2,2012,3.5,115.0,"Adventure, Fantasy, Drama, Romance",Bill Condon,Kristen Stewart,6.463
The Mummy: Tomb of the Dragon Emperor,2008,3.0,112.0,"Adventure, Action, Fantasy",Rob Cohen,Brendan Fraser,5.495
White House Down,2013,3.0,131.0,"Action, Drama, Thriller",Roland Emmerich,Channing Tatum,6.466
American Wedding,2003,2.5,103.0,"Comedy, Romance",Jesse Dylan,Jason Biggs,6.21
2012,2009,3.0,158.0,"Action, Adventure, Science Fiction",Roland Emmerich,John Cusack,5.854
Fantastic Beasts: The Crimes of Grindelwald,2018,2.5,134.0,"Fantasy, Adventure",David Yates,Eddie Redmayne,6.845
Alvin and the Chipmunks: The Squeakquel,2009,3.0,88.0,"Comedy, Family, Animation, Fantasy, Music",Betty Thomas,Zachary Levi,5.64
American Sniper,2014,3.0,133.0,"War, Action",Clint Eastwood,Bradley Cooper,7.42
"Monsters, Inc.",2001,4.0,92.0,"Animation, Comedy, Family",Pete Docter,John Goodman,7.844
Star Wars: The Last Jedi,2017,2.5,152.0,"Adventure, Action, Science Fiction",Rian Johnson,Mark Hamill,6.775
Toy Story 3,2010,4.0,103.0,"Animation, Family, Comedy",Lee Unkrich,Tom Hanks,7.8
Charlie and the Chocolate Factory,2005,3.5,115.0,"Adventure, Comedy, Family, Fantasy",Tim Burton,Johnny Depp,7.042
Toy Story 2,1999,4.0,92.0,"Animation, Comedy, Family",John Lasseter,Tom Hanks,7.6
Kung Fu Panda,2008,4.0,90.0,"Action, Adventure, Animation, Family, Comedy",Mark Osborne,Jack Black,7.3
Brave,2012,3.0,93.0,"Animation, Adventure, Comedy, Family, Action, Fantasy",Mark Andrews,Kelly Macdonald,7.02
Alice in Wonderland,2010,3.0,108.0,"Family, Fantasy, Adventure",Tim Burton,Mia Wasikowska,6.634
Casino Royale,2006,4.0,144.0,"Adventure, Action, Thriller",Martin Campbell,Daniel Craig,7.559
Ice Age,2002,3.5,81.0,"Animation, Comedy, Family, Adventure",Chris Wedge,Ray Romano,7.362
Men in Black,1997,4.0,98.0,"Action, Adventure, Comedy, Science Fiction",Barry Sonnenfeld,Tommy Lee Jones,7.209
Home Alone 2: Lost in New York,1992,3.5,120.0,"Comedy, Family, Adventure",Chris Columbus,Macaulay Culkin,6.763
Beauty and the Beast,1991,4.0,84.0,"Romance, Family, Animation, Fantasy",Gary Trousdale,Paige O'Hara,7.731
The Mask,1994,3.0,101.0,"Romance, Comedy, Crime, Fantasy",Chuck Russell,Jim Carrey,6.964
White Chicks,2004,3.5,109.0,"Comedy, Crime",Keenen Ivory Wayans,Shawn Wayans,6.929
Jumanji,1995,4.0,104.0,"Adventure, Fantasy, Family",Joe Johnston,Robin Williams,7.237
Scooby-Doo,2002,4.0,86.0,"Mystery, Adventure, Comedy",Raja Gosnell,Freddie Prinze Jr.,6.1
Bee Movie,2007,3.0,91.0,"Family, Animation, Adventure, Comedy",Steve Hickner,Jerry Seinfeld,6.029
Despicable Me 2,2013,3.0,98.0,"Animation, Comedy, Family",Chris Renaud,Steve Carell,6.934
The SpongeBob SquarePants Movie,2004,4.0,87.0,"Family, Comedy, Adventure, Animation",Stephen Hillenburg,Tom Kenny,7.044
The Lost World: Jurassic Park,1997,4.0,129.0,"Adventure, Action, Science Fiction",Steven Spielberg,Jeff Goldblum,6.6
Bolt,2008,2.5,98.0,"Animation, Family, Adventure, Comedy",Chris Williams,John Travolta,6.529
Quantum of Solace,2008,3.5,106.0,"Adventure, Action, Thriller, Crime",Marc Forster,Daniel Craig,6.332
American Pie,1999,2.5,95.0,"Comedy, Romance",Paul Weitz,Jason Biggs,6.59
Men in Black II,2002,3.0,88.0,"Action, Comedy, Science Fiction",Barry Sonnenfeld,Tommy Lee Jones,6.377
Alvin and the Chipmunks,2007,3.0,92.0,"Comedy, Family, Fantasy",Tim Hill,Jason Lee,5.815
Jurassic Park III,2001,3.5,92.0,"Adventure, Action, Thriller, Science Fiction",Joe Johnston,Sam Neill,6.2
Requiem for a Dream,2000,4.5,102.0,"Crime, Drama",Darren Aronofsky,Ellen Burstyn,8.014
The Skin I Live In,2011,3.5,120.0,"Drama, Horror, Mystery, Thriller",Pedro Almodóvar,Antonio Banderas,7.496
Final Destination,2000,3.0,98.0,Horror,James Wong,Devon Sawa,6.621
Final Destination 2,2003,3.0,90.0,"Horror, Mystery",David R. Ellis,Ali Larter,6.286
Final Destination 3,2006,2.5,92.0,"Horror, Mystery",James Wong,Mary Elizabeth Winstead,6.1
The Final Destination,2009,2.5,82.0,"Horror, Mystery",David R. Ellis,Bobby Campo,5.619
Final Destination 5,2011,3.0,91.0,"Horror, Mystery",Steven Quale,Nicholas D'Agosto,6.142
Nightmare Alley,2021,3.0,150.0,"Crime, Drama, Thriller",Guillermo del Toro,Bradley Cooper,6.976
The Sixth Sense,1999,4.0,107.0,"Mystery, Thriller, Drama",M. Night Shyamalan,Bruce Willis,7.95
The Butterfly Effect,2004,4.0,113.0,"Science Fiction, Thriller",J. Mackye Gruber,Ashton Kutcher,7.579
The Leopard,1963,4.5,186.0,Drama,Luchino Visconti,Burt Lancaster,7.738
Poor Things,2023,3.0,141.0,"Science Fiction, Romance, Comedy",Yorgos Lanthimos,Emma Stone,7.684
The Arrival of a Train at La Ciotat,1896,4.0,1.0,Documentary,Louis Lumière,Madeleine Koehler,7.089
The Sprinkler Sprinkled,1895,3.5,1.0,Comedy,Louis Lumière,François Clerc,6.823
Baby's Meal,1895,3.5,1.0,"Documentary, Family",Louis Lumière,Auguste Lumière,5.547
The Photographical Congress Arrives in Lyon,1895,3.0,1.0,Documentary,Louis Lumière,Auguste Lumière,5.3
Game of Cards,1896,3.0,1.0,"Comedy, History",Louis Lumière,Alphonse Winckler,5.6
Grand Illusion,1937,3.0,114.0,"Drama, History, War",Jean Renoir,Jean Gabin,7.856
Fifty Shades of Grey,2015,2.0,125.0,"Drama, Romance, Thriller",Sam Taylor-Johnson,Dakota Johnson,5.885
Inside Out 2,2024,3.0,97.0,"Animation, Adventure, Comedy, Family",Kelsey Mann,Amy Poehler,7.553
The Mission,2023,4.0,103.0,Documentary,Amanda McBaine,Pam Arlund,6.9
Die Hard,1988,4.0,132.0,"Action, Thriller",John McTiernan,Bruce Willis,7.8
"OSS 117: Cairo, Nest of Spies",2006,4.0,99.0,"Crime, Action, Adventure, Comedy",Michel Hazanavicius,Jean Dujardin,7.238
Singin' in the Rain,1952,4.0,103.0,"Comedy, Romance",Gene Kelly,Gene Kelly,8.147
The Last Boy Scout,1991,4.0,105.0,"Action, Thriller",Tony Scott,Bruce Willis,6.829
Horrible Bosses,2011,3.5,98.0,"Comedy, Crime",Seth Gordon,Jason Bateman,6.573
Hall Pass,2011,3.0,105.0,"Comedy, Romance",Bobby Farrelly,Owen Wilson,5.711
Posthumous Memories,2001,4.0,101.0,"Drama, Comedy",André Klotzel,Reginaldo Faria,6.3
Sicario,2015,3.5,122.0,"Action, Crime, Thriller",Denis Villeneuve,Emily Blunt,7.411
La Dolce Vita,1960,4.0,176.0,"Comedy, Drama",Federico Fellini,Marcello Mastroianni,8.07
Carandiru,2003,4.5,145.0,Drama,Héctor Babenco,Luiz Carlos Vasconcelos,7.598
The Family,2013,3.5,111.0,"Crime, Comedy, Action",Luc Besson,Robert De Niro,6.363
The French Connection,1971,3.5,104.0,"Action, Crime, Thriller",William Friedkin,Gene Hackman,7.492
Lethal Weapon,1987,4.0,110.0,"Adventure, Action, Comedy, Thriller, Crime",Richard Donner,Mel Gibson,7.286
Lethal Weapon 2,1989,3.5,114.0,"Action, Adventure, Comedy, Crime, Thriller",Richard Donner,Mel Gibson,7.021
Blow Out,1981,3.5,108.0,"Thriller, Mystery, Crime",Brian De Palma,John Travolta,7.371
Speed 2: Cruise Control,1997,2.5,125.0,"Action, Adventure, Thriller, Romance, Drama",Jan de Bont,Sandra Bullock,4.61
Four Days in September,1997,4.0,110.0,"Thriller, Drama, History",Bruno Barreto,Alan Arkin,7.549
The Gray Man,2022,2.0,129.0,"Action, Thriller",Joe Russo,Ryan Gosling,6.943
Kiss the Girls,1997,4.0,115.0,"Thriller, Crime, Mystery, Drama",Gary Fleder,Morgan Freeman,6.529
Rebel Ridge,2024,2.5,132.0,"Crime, Action, Thriller",Jeremy Saulnier,Aaron Pierre,6.997
The Birdcage,1996,3.5,119.0,Comedy,Mike Nichols,Robin Williams,7.034
The Bourne Ultimatum,2007,3.5,115.0,"Action, Drama, Mystery, Thriller",Paul Greengrass,Matt Damon,7.427
Joyeux Noel,2005,4.0,116.0,"Drama, War, Romance, History",Christian Carion,Diane Kruger,7.388
Rising Sun,1993,3.0,125.0,"Action, Drama, Thriller",Philip Kaufman,Sean Connery,6.143
Manhunter,1986,3.5,120.0,"Crime, Horror, Thriller",Michael Mann,William Petersen,7.007
Wolfs,2024,2.5,108.0,"Crime, Comedy, Action",Jon Watts,George Clooney,6.55
The Jackal,1997,4.0,124.0,"Action, Thriller, Adventure, Crime",Michael Caton-Jones,Bruce Willis,6.379
Swordfish,2001,3.5,99.0,"Action, Crime, Thriller",Dominic Sena,John Travolta,6.251
Trap,2024,2.0,105.0,"Thriller, Mystery, Horror",M. Night Shyamalan,Josh Hartnett,6.306
Patriot Games,1992,3.5,117.0,"Drama, Action, Thriller, Crime",Phillip Noyce,Harrison Ford,6.686
First Blood,1982,3.5,93.0,"Action, Adventure, Thriller, War",Ted Kotcheff,Sylvester Stallone,7.5
The Day of the Jackal,1973,4.5,143.0,"Action, Thriller",Fred Zinnemann,Edward Fox,7.539
Dazed and Confused,1993,4.0,102.0,"Comedy, Drama",Richard Linklater,Jason London,7.3
Twin Peaks: Fire Walk with Me,1992,3.0,135.0,"Drama, Mystery, Horror",David Lynch,Sheryl Lee,7.376
Twilight,1998,3.0,94.0,"Crime, Thriller",Robert Benton,Paul Newman,6.062
Clear and Present Danger,1994,3.5,141.0,"Action, Drama, Thriller",Phillip Noyce,Harrison Ford,6.656
The Firm,1993,4.0,154.0,"Drama, Mystery, Thriller",Sydney Pollack,Tom Cruise,6.7
JFK,1991,4.5,188.0,"Drama, Thriller, History",Oliver Stone,Kevin Costner,7.597
American Beauty,1999,3.5,122.0,Drama,Sam Mendes,Kevin Spacey,8.006
The Addams Family,1991,3.0,100.0,"Comedy, Fantasy",Barry Sonnenfeld,Raúl Juliá,7.057
Collateral Damage,2002,3.0,108.0,"Action, Thriller, Drama",Andrew Davis,Arnold Schwarzenegger,5.8
The Bone Collector,1999,4.0,118.0,"Drama, Mystery, Thriller, Crime",Phillip Noyce,Denzel Washington,6.793
Memento,2000,4.0,113.0,"Mystery, Thriller",Christopher Nolan,Guy Pearce,8.178
Only You,1994,4.0,115.0,"Romance, Comedy",Norman Jewison,Marisa Tomei,6.8
Oldboy,2003,3.0,120.0,"Drama, Thriller, Mystery, Action",Park Chan-wook,Choi Min-sik,8.251
The Terminator,1984,4.0,108.0,"Action, Thriller, Science Fiction",James Cameron,Arnold Schwarzenegger,7.667
The Bucket List,2007,3.5,97.0,"Drama, Comedy",Rob Reiner,Jack Nicholson,7.188
Terminator 2: Judgment Day,1991,4.0,137.0,"Action, Thriller, Science Fiction",James Cameron,Arnold Schwarzenegger,8.127
EuroTrip,2004,4.0,92.0,Comedy,Jeff Schaffer,Scott Mechlowicz,6.602
The Green Mile,1999,4.0,189.0,"Fantasy, Drama, Crime",Frank Darabont,Tom Hanks,8.505
Hannibal,2001,4.0,131.0,"Crime, Drama, Thriller",Ridley Scott,Anthony Hopkins,6.767
Ocean's Twelve,2004,4.0,125.0,"Thriller, Crime",Steven Soderbergh,George Clooney,6.564
I Am Not Your Negro,2016,4.0,93.0,Documentary,Raoul Peck,Samuel L. Jackson,7.733
To Live and Die in L.A.,1985,3.5,116.0,"Crime, Thriller, Action",William Friedkin,William Petersen,7.1
No Time to Die,2021,4.0,163.0,"Action, Thriller, Adventure",Cary Joji Fukunaga,Daniel Craig,7.4
On Her Majesty's Secret Service,1969,3.0,142.0,"Adventure, Action, Thriller",Peter R. Hunt,George Lazenby,6.574
The Idiot,1958,3.0,116.0,Drama,Ivan Pyryev,Yuriy Yakovlev,6.4
The Thomas Crown Affair,1999,3.0,113.0,"Drama, Crime, Romance",John McTiernan,Pierce Brosnan,6.746
Everything Everywhere All at Once,2022,4.0,140.0,"Action, Adventure, Science Fiction",Daniel Scheinert,Michelle Yeoh,7.757
The Conformist,1970,3.5,108.0,Drama,Bernardo Bertolucci,Jean-Louis Trintignant,7.654
I'm Still Here,2024,4.5,138.0,"Drama, History",Walter Salles,Fernanda Torres,7.957
It's a Wonderful Life,1946,4.5,130.0,"Drama, Family, Fantasy",Frank Capra,James Stewart,8.28
Airplane!,1980,2.0,88.0,Comedy,Jim Abrahams,Robert Hays,7.302
Gladiator II,2024,3.0,148.0,"Action, Adventure, Drama",Ridley Scott,Paul Mescal,6.712
Mufasa: The Lion King,2024,2.0,118.0,"Adventure, Family, Animation",Barry Jenkins,Aaron Pierre,7.4
The Holiday,2006,3.0,136.0,"Comedy, Romance",Nancy Meyers,Cameron Diaz,7.092
The Package,1989,3.0,108.0,"Crime, Thriller, Action",Andrew Davis,Gene Hackman,6.119
Home Alone 3,1997,3.0,102.0,"Comedy, Family",Raja Gosnell,Alex D. Linz,5.274
Hustle,2022,3.5,117.0,"Drama, Comedy",Jeremiah Zagar,Adam Sandler,7.736
The Rat Catcher,2023,3.0,17.0,Comedy,Wes Anderson,Richard Ayoade,6.583
Match Point,2005,4.0,124.0,"Drama, Thriller, Crime, Romance",Woody Allen,Jonathan Rhys Meyers,7.359
Love Actually,2003,4.0,135.0,"Comedy, Romance, Drama",Richard Curtis,Hugh Grant,7.105
No Hard Feelings,2023,3.5,104.0,"Comedy, Romance",Gene Stupnitsky,Jennifer Lawrence,6.733
The Rogue's Trial,2024,2.5,114.0,"Comedy, Drama",Guel Arraes,Matheus Nachtergaele,6.782
You've Got Mail,1998,4.0,119.0,"Comedy, Romance",Nora Ephron,Meg Ryan,6.689
From Here to Eternity,1953,4.0,118.0,"War, Romance, Drama",Fred Zinnemann,Burt Lancaster,7.281
The Battle of Algiers,1966,4.0,121.0,"Drama, War, History",Gillo Pontecorvo,Brahim Hadjadj,7.88
Nightcrawler,2014,3.0,118.0,"Crime, Drama, Thriller",Dan Gilroy,Jake Gyllenhaal,7.7
Mulholland Falls,1996,3.5,107.0,"Drama, Mystery, Thriller, Crime",Lee Tamahori,Nick Nolte,5.98
About Time,2013,3.5,123.0,"Drama, Romance, Fantasy",Richard Curtis,Domhnall Gleeson,7.914
Back in Action,2025,2.0,114.0,"Action, Comedy",Seth Gordon,Jamie Foxx,6.446
Point Break,1991,4.0,122.0,"Action, Thriller, Crime",Kathryn Bigelow,Keanu Reeves,7.163
Game Night,2018,3.5,100.0,"Mystery, Comedy, Crime",John Francis Daley,Jason Bateman,6.849
Lunana: A Yak in the Classroom,2019,4.5,109.0,Drama,Pawo Choyning Dorji,Sherab Dorji,7.444
Munich,2005,4.0,164.0,"Drama, Action, History, Thriller",Steven Spielberg,Eric Bana,7.14
Changing Lanes,2002,3.0,98.0,"Thriller, Action, Drama",Roger Michell,Ben Affleck,6.267
The Sentinel,2006,3.0,108.0,"Action, Thriller, Crime",Clark Johnson,Michael Douglas,6.053
Traffic,2000,3.5,147.0,"Thriller, Drama, Crime",Steven Soderbergh,Michael Douglas,7.077
The Hunt,2012,4.0,90.0,"Action, Thriller, Horror",Craig Zobel,Betty Gilpin,6.628
Inside Man,2006,4.0,129.0,"Crime, Drama, Thriller",Spike Lee,Denzel Washington,7.395
35 - O Assalto ao Poder,2002,3.5,98.0,Documentary,Eduardo Escorel,Paulo Betti,7.5
Basic Instinct,1992,4.0,128.0,"Thriller, Mystery",Paul Verhoeven,Michael Douglas,6.933
The Usual Suspects,1995,4.0,106.0,"Drama, Crime, Thriller",Bryan Singer,Stephen Baldwin,8.173
The Conversation,1974,3.0,114.0,"Crime, Drama, Mystery",Francis Ford Coppola,Gene Hackman,7.512
The Brutalist,2024,3.0,215.0,Drama,Brady Corbet,Adrien Brody,7.0
Fatal Attraction,1987,3.0,119.0,"Thriller, Drama, Romance",Adrian Lyne,Michael Douglas,6.843
Anyone But You,2023,2.0,103.0,"Romance, Comedy",Will Gluck,Sydney Sweeney,6.86
Anora,2024,2.5,139.0,"Drama, Comedy, Romance",Sean Baker,Mikey Madison,7.06
Runaway Jury,2003,3.5,127.0,"Drama, Thriller",Gary Fleder,John Cusack,6.926
Joker,2019,3.5,122.0,"Crime, Thriller, Drama",Todd Phillips,Joaquin Phoenix,8.136
The Beach,2000,3.0,119.0,"Drama, Adventure, Romance, Thriller",Danny Boyle,Leonardo DiCaprio,6.487
The Big Lebowski,1998,4.0,117.0,"Comedy, Crime",Joel Coen,Jeff Bridges,7.838
Batman Begins,2005,3.5,140.0,"Action, Crime, Drama",Christopher Nolan,Christian Bale,7.714
The Dark Knight,2008,4.0,152.0,"Drama, Action, Crime, Thriller",Christopher Nolan,Christian Bale,8.52
Serpico,1973,3.5,130.0,"Crime, Drama",Sidney Lumet,Al Pacino,7.531
Insomnia,2002,3.0,118.0,"Thriller, Crime, Drama",Christopher Nolan,Al Pacino,6.947
Training Day,2001,3.0,122.0,"Action, Crime, Drama",Antoine Fuqua,Denzel Washington,7.505
Get Rich or Die Tryin',2005,3.5,117.0,"Drama, Crime, Music",Jim Sheridan,50 Cent,6.803
Grease,1978,3.0,110.0,"Romance, Comedy",Randal Kleiser,Olivia Newton-John,7.376
